Neliöt,Hinta,Kaupunginosa,Rakennusvuosi,Tyyppi
32.0,13896,hervanta,2009,Kerrostalo
49.0,269000,pyynikki,2019,Kerrostalo
70.5,224000,haapalinna,1989,Kerrostalo
83.5,398000,härmälänranta,2015,Kerrostalo
34.0,139000,niemenranta,2018,Luhtitalo
73.0,96000,tesoma,1969,Kerrostalo
22.0,116800,vuores,2021,Kerrostalo
26.0,119000,pyynikki,1936,Kerrostalo
50.0,173000,kaleva,1965,Kerrostalo
73.0,195000,ristimäki,2008,Kerrostalo
58.4,228000,kaleva,1951,Kerrostalo
95.0,298000,annala,2012,Paritalo
80.0,129000,hervanta,1982,Kerrostalo
79.0,179000,lamminpää,1985,Rivitalo
24.0,99000,tammela,1937,Kerrostalo
56.5,219000,mäyränmäki,2017,Paritalo
59.5,208000,amuri,1939,Kerrostalo
48.5,235000,keskusta,1967,Kerrostalo
55.0,186000,kaleva,1964,Kerrostalo
69.5,229000,vuores,2016,Kerrostalo
72.0,174000,kämmenniemi,2012,Rivitalo
150.7,314000,tahmela,1910,Omakotitalo
57.5,194000,vuores,2017,Luhtitalo
51.5,385000,keskusta,2018,Kerrostalo
108.0,945000,keskusta,2018,Kerrostalo
51.0,269000,keskusta,2012,Kerrostalo
55.0,189000,pyynikki,1952,Kerrostalo
59.5,170000,korkinmäki,1989,Kerrostalo
58.0,245900,vuores,2022,Kerrostalo
97.5,389900,vuores,2022,Kerrostalo
36.0,124000,epilä,1994,Luhtitalo
167.0,339000,leinola,1991,Omakotitalo
28.5,115000,kaleva,1964,Kerrostalo
56.0,150000,atala,2005,Kerrostalo
105.0,387000,pyynikinrinne,1922,Kerrostalo
144.0,597000,keskusta,1928,Kerrostalo
23.5,109000,haukiluoma,2018,Kerrostalo
23.0,132000,härmälänranta,2018,Kerrostalo
76.0,124000,tesoma,1965,Kerrostalo
70.0,262000,hakametsä,2011,Kerrostalo
60.0,127000,rahola,1964,Kerrostalo
62.5,229000,kaleva,1956,Kerrostalo
63.0,118000,kaukajärvi,1989,Kerrostalo
60.0,189800,kaleva,1957,Kerrostalo
58.5,109000,tesoma,1971,Kerrostalo
65.0,225000,kaleva,1962,Kerrostalo
39.0,124000,kalkku,2008,Luhtitalo
84.0,224000,petsamo,1938,Puutalo-osake
56.0,212300,hervanta,2022,Kerrostalo
30.0,135000,tammela,1970,Kerrostalo
85.0,485000,keskusta,1957,Kerrostalo
39.0,166000,hervanta,2013,Kerrostalo
12.5,21000,niemenranta,2021,Kerrostalo
57.0,209000,kaleva,1965,Kerrostalo
86.0,445000,keskusta,1907,Kerrostalo
73.0,145000,hervanta,1976,Rivitalo
43.0,197000,kaleva,1963,Kerrostalo
79.0,127000,tesoma,1964,Kerrostalo
25.5,178000,keskusta,2020,Kerrostalo
46.0,169000,kaleva,1965,Kerrostalo
69.0,249000,hatanpää,2001,Kerrostalo
88.5,347000,tammela,1982,Kerrostalo
67.0,169000,linnainmaa,2001,Kerrostalo
60.5,89000,hervanta,1974,Kerrostalo
50.0,75000,kalkku,1947,Kerrostalo
59.0,239000,amuri,1969,Kerrostalo
45.5,169000,kaleva,1956,Kerrostalo
37.0,139000,vuores,2015,Kerrostalo
91.0,207000,annala,1995,Kerrostalo
113.5,659000,tammela,2022,Kerrostalo
28.0,193000,tammela,2022,Kerrostalo
82.0,419000,tammela,2022,Kerrostalo
111.5,641000,tammela,2022,Kerrostalo
66.5,359000,tammela,2022,Kerrostalo
28.0,187000,tammela,2022,Kerrostalo
29.0,195000,tammela,2022,Kerrostalo
29.0,189000,tammela,2022,Kerrostalo
82.0,399000,tammela,2022,Kerrostalo
79.0,385000,tammela,2022,Kerrostalo
82.0,375000,tammela,2022,Kerrostalo
28.0,182000,tammela,2022,Kerrostalo
108.5,799000,tammela,2022,Kerrostalo
128.0,859000,tammela,2022,Kerrostalo
51.5,265000,tammela,2022,Kerrostalo
76.5,529000,tammela,2022,Kerrostalo
93.5,619000,tammela,2022,Kerrostalo
28.5,211000,tammela,2022,Kerrostalo
28.0,209000,tammela,2022,Kerrostalo
93.0,529000,tammela,2022,Kerrostalo
45.0,296000,tammela,2022,Kerrostalo
28.5,204000,tammela,2022,Kerrostalo
28.5,204000,tammela,2022,Kerrostalo
79.5,479000,tammela,2022,Kerrostalo
93.0,489000,tammela,2022,Kerrostalo
45.0,282000,tammela,2022,Kerrostalo
28.0,196000,tammela,2022,Kerrostalo
28.5,199000,tammela,2022,Kerrostalo
28.5,199000,tammela,2022,Kerrostalo
79.5,429000,tammela,2022,Kerrostalo
45.0,271000,tammela,2022,Kerrostalo
28.5,194000,tammela,2022,Kerrostalo
62.5,329000,tammela,2022,Kerrostalo
93.0,469000,tammela,2022,Kerrostalo
28.0,190000,tammela,2022,Kerrostalo
45.0,259000,tammela,2022,Kerrostalo
54.0,262000,tammela,2022,Kerrostalo
28.5,189000,tammela,2022,Kerrostalo
28.5,184000,tammela,2022,Kerrostalo
28.5,189000,tammela,2022,Kerrostalo
54.0,277000,tammela,2022,Kerrostalo
28.5,184000,tammela,2022,Kerrostalo
53.5,259000,tammela,2022,Kerrostalo
36.0,194000,tammela,2022,Kerrostalo
71.0,209000,epilä,2007,Kerrostalo
68.5,110000,hervanta,1982,Kerrostalo
107.0,420000,armonkallio,1963,Kerrostalo
106.0,409000,villilä,2004,Rivitalo
95.0,309000,ikuri,2012,Paritalo
95.0,309000,ikuri,2012,Rivitalo
43.5,216000,kaleva,2018,Kerrostalo
88.5,223000,kalkunvuori,2008,Rivitalo
26.5,155000,tammela,1975,Kerrostalo
62.5,298000,keskusta,1963,Kerrostalo
67.0,435900,keskusta,2022,Kerrostalo
90.0,259000,annala,2002,Rivitalo
99.0,399000,tammela,1920,Kerrostalo
56.5,199000,keskusta,1969,Kerrostalo
55.5,130300,kaukajärvi,1971,Kerrostalo
58.5,84000,multisilta,1974,Kerrostalo
58.5,125000,palokallio,1992,Kerrostalo
59.5,129000,ruotula,1989,Kerrostalo
110.0,530000,tahmela,1937,Omakotitalo
124.0,475000,pyynikki,1925,Kerrostalo
75.5,279000,osmonmäki,1983,Kerrostalo
38.0,139000,haapalinna,2003,Kerrostalo
33.0,155000,niemenranta,2014,Kerrostalo
68.0,179000,haapalinna,1990,Kerrostalo
38.0,201400,hatanpää,2022,Kerrostalo
28.0,176700,hatanpää,2022,Kerrostalo
60.0,207100,tesoma,2021,Kerrostalo
28.0,159700,hatanpää,2022,Kerrostalo
36.0,140700,tesoma,2021,Kerrostalo
27.0,115600,tesoma,2021,Kerrostalo
36.5,201300,hatanpää,2022,Kerrostalo
36.5,197400,hatanpää,2022,Kerrostalo
36.5,193400,hatanpää,2022,Kerrostalo
58.5,119000,tesoma,1974,Kerrostalo
45.5,193000,härmälänranta,2018,Kerrostalo
87.0,282000,armonkallio,1956,Kerrostalo
80.5,248000,linnainmaa,2001,Rivitalo
51.5,92500,annala,1975,Kerrostalo
75.5,374800,niemenranta,2022,Kerrostalo
117.0,639100,niemenranta,2022,Kerrostalo
64.5,306100,niemenranta,2022,Kerrostalo
65.0,308100,niemenranta,2022,Kerrostalo
90.5,470300,niemenranta,2022,Kerrostalo
47.0,235000,niemenranta,2022,Kerrostalo
39.0,201100,niemenranta,2022,Kerrostalo
75.5,360500,niemenranta,2022,Kerrostalo
55.5,278700,niemenranta,2022,Kerrostalo
39.0,196100,niemenranta,2022,Kerrostalo
64.5,299100,niemenranta,2022,Kerrostalo
55.5,270700,niemenranta,2022,Kerrostalo
47.0,230000,niemenranta,2022,Kerrostalo
90.5,450400,niemenranta,2022,Kerrostalo
39.0,191100,niemenranta,2022,Kerrostalo
75.5,353500,niemenranta,2022,Kerrostalo
90.5,440400,niemenranta,2022,Kerrostalo
47.0,225000,niemenranta,2022,Kerrostalo
55.5,264700,niemenranta,2022,Kerrostalo
55.5,259700,niemenranta,2022,Kerrostalo
75.5,346500,niemenranta,2022,Kerrostalo
47.0,220000,niemenranta,2022,Kerrostalo
64.5,285100,niemenranta,2022,Kerrostalo
39.0,186100,niemenranta,2022,Kerrostalo
90.5,430300,niemenranta,2022,Kerrostalo
64.5,292100,niemenranta,2022,Kerrostalo
55.5,249700,niemenranta,2022,Kerrostalo
75.5,336400,niemenranta,2022,Kerrostalo
90.5,420400,niemenranta,2022,Kerrostalo
64.5,273100,niemenranta,2022,Kerrostalo
90.5,398000,niemenranta,2022,Kerrostalo
39.0,181100,niemenranta,2022,Kerrostalo
47.0,215000,niemenranta,2022,Kerrostalo
75.5,321500,niemenranta,2022,Kerrostalo
47.0,201000,niemenranta,2022,Kerrostalo
75.5,301500,niemenranta,2022,Kerrostalo
55.5,240700,niemenranta,2022,Kerrostalo
64.5,256100,niemenranta,2022,Kerrostalo
93.5,179000,härmälä,1956,Kerrostalo
63.0,167000,janka,1993,Kerrostalo
53.0,88000,epilä,1963,Kerrostalo
43.5,12140,kaukajärvi,1997,Kerrostalo
74.0,139000,takahuhti,1981,Kerrostalo
66.5,184000,annala,2011,Luhtitalo
58.4,219000,kaleva,1951,Kerrostalo
22.0,127000,vuores,2020,Kerrostalo
53.0,220029,nekala,2018,Luhtitalo
43.5,224500,tammela,2015,Kerrostalo
38.0,196000,santalahti,2019,Kerrostalo
28.5,59000,kaukajärvi,1978,Kerrostalo
47.5,232000,keskusta,1964,Kerrostalo
85.5,199000,janka,1991,Kerrostalo
70.5,75000,peltolammi,1972,Kerrostalo
26.0,139900,hervanta,2021,Kerrostalo
26.0,135800,hervanta,2021,Kerrostalo
80.0,248000,linnainmaa,1995,Rivitalo
57.5,70000,annala,1978,Kerrostalo
26.0,138000,lielahti,2018,Kerrostalo
51.5,170000,kaukajärvi,2016,Kerrostalo
44.5,13680,linnainmaa,2002,Kerrostalo
58.0,248000,huikas,2021,Kerrostalo
75.0,153000,kaukajärvi,1991,Kerrostalo
101.5,24151,annala,1996,Rivitalo
84.0,38208,niemenranta,2017,Kerrostalo
29.0,15931,niemenranta,2017,Kerrostalo
74.0,105000,hervanta,1979,Kerrostalo
84.5,489000,tampella,2020,Kerrostalo
55.0,194000,tammela,1967,Kerrostalo
75.5,80000,tesoma,1980,Kerrostalo
60.5,149000,janka,1995,Kerrostalo
37.5,204000,härmälänranta,2021,Kerrostalo
31.5,137000,amuri,1980,Kerrostalo
44.0,148983,janka,2003,Kerrostalo
31.5,79500,kaukajärvi,1976,Kerrostalo
130.0,790000,keskusta,1917,Kerrostalo
31.0,80000,multisilta,1972,Kerrostalo
54.0,74000,terälahti,1975,Paritalo
59.5,149000,hallila,1991,Kerrostalo
50.5,155000,tesoma,2008,Kerrostalo
55.5,235000,kaleva,1961,Kerrostalo
62.5,150000,atala,1990,Rivitalo
71.0,279000,järvensivu,2007,Kerrostalo
58.5,154000,holvasti,2001,Kerrostalo
56.0,81000,hervanta,1977,Kerrostalo
72.0,123000,kaukajärvi,1968,Kerrostalo
84.0,248000,linnainmaa,1987,Rivitalo
34.0,271220,keskusta,2021,Kerrostalo
102.5,359000,pyynikki,2000,Kerrostalo
48.5,119990,kaukajärvi,1965,Kerrostalo
51.5,21091,vuores,2015,Kerrostalo
46.0,159000,armonkallio,1970,Kerrostalo
79.0,210000,pappila,1973,Rivitalo
90.5,135000,annala,1980,Kerrostalo
46.0,254000,tampella,2022,Kerrostalo
46.0,239000,tampella,2022,Kerrostalo
46.0,262000,tampella,2022,Kerrostalo
46.0,244000,tampella,2022,Kerrostalo
46.0,249000,tampella,2022,Kerrostalo
43.0,272000,tampella,2022,Kerrostalo
43.0,276000,tampella,2022,Kerrostalo
43.0,283000,tampella,2022,Kerrostalo
43.0,268000,tampella,2022,Kerrostalo
43.0,264000,tampella,2022,Kerrostalo
77.0,399000,tampella,2022,Kerrostalo
47.5,270000,tampella,2022,Kerrostalo
44.5,249000,tampella,2022,Kerrostalo
47.5,252000,tampella,2022,Kerrostalo
47.5,247000,tampella,2022,Kerrostalo
47.5,262000,tampella,2022,Kerrostalo
47.5,229000,tampella,2022,Kerrostalo
47.5,257000,tampella,2022,Kerrostalo
47.5,221000,tampella,2022,Kerrostalo
66.5,323000,tampella,2022,Kerrostalo
50.0,274000,tampella,2022,Kerrostalo
50.0,279000,tampella,2022,Kerrostalo
50.0,286000,tampella,2022,Kerrostalo
46.5,234000,tampella,2022,Kerrostalo
46.5,229000,tampella,2022,Kerrostalo
50.0,269000,tampella,2022,Kerrostalo
50.0,264000,tampella,2022,Kerrostalo
50.0,259000,tampella,2022,Kerrostalo
50.0,244000,tampella,2022,Kerrostalo
25.0,149000,tampella,2022,Kerrostalo
50.0,224000,tampella,2022,Kerrostalo
55.5,267000,tampella,2022,Kerrostalo
55.5,287000,tampella,2022,Kerrostalo
32.5,204000,tampella,2022,Kerrostalo
32.5,219000,tampella,2022,Kerrostalo
32.5,229000,tampella,2022,Kerrostalo
32.5,224000,tampella,2022,Kerrostalo
25.0,158000,tampella,2022,Kerrostalo
32.5,221000,tampella,2022,Kerrostalo
32.5,196000,tampella,2022,Kerrostalo
32.5,199000,tampella,2022,Kerrostalo
32.5,216000,tampella,2022,Kerrostalo
32.5,224000,tampella,2022,Kerrostalo
32.5,213000,tampella,2022,Kerrostalo
32.5,218000,tampella,2022,Kerrostalo
32.5,210000,tampella,2022,Kerrostalo
32.5,215000,tampella,2022,Kerrostalo
32.5,193000,tampella,2022,Kerrostalo
52.0,305000,tampella,2022,Kerrostalo
32.5,212000,tampella,2022,Kerrostalo
32.5,184000,tampella,2022,Kerrostalo
32.5,187000,tampella,2022,Kerrostalo
32.5,190000,tampella,2022,Kerrostalo
52.0,288000,tampella,2022,Kerrostalo
52.0,298000,tampella,2022,Kerrostalo
32.5,195000,tampella,2022,Kerrostalo
32.5,209000,tampella,2022,Kerrostalo
52.0,293000,tampella,2022,Kerrostalo
52.5,278000,tampella,2022,Kerrostalo
52.0,283000,tampella,2022,Kerrostalo
41.5,252000,tampella,2022,Kerrostalo
41.5,245000,tampella,2022,Kerrostalo
52.5,235000,tampella,2022,Kerrostalo
46.5,216000,tampella,2022,Kerrostalo
41.5,241000,tampella,2022,Kerrostalo
41.5,199500,tampella,2022,Kerrostalo
41.5,237000,tampella,2022,Kerrostalo
41.5,214000,tampella,2022,Kerrostalo
41.5,229000,tampella,2022,Kerrostalo
111.0,629000,tampella,2022,Kerrostalo
41.5,233000,tampella,2022,Kerrostalo
89.0,539000,tampella,2022,Kerrostalo
118.5,649000,tampella,2022,Kerrostalo
111.0,619000,tampella,2022,Kerrostalo
81.0,409000,tammela,2015,Kerrostalo
76.5,255000,härmälänranta,2011,Kerrostalo
75.5,103800,tesoma,1980,Kerrostalo
86.5,159000,hervanta,1992,Kerrostalo
225.0,368000,alapispala,1952,Omakotitalo
64.0,241400,härmälä,2021,Kerrostalo
85.0,297000,vuores,2016,Rivitalo
55.0,177000,järvensivu,1962,Kerrostalo
53.5,208000,muotiala,2008,Luhtitalo
22.5,134000,niemenranta,2019,Kerrostalo
52.0,204200,hervanta,2021,Kerrostalo
173.0,320000,keskusta,2010,Kerrostalo
30.0,55000,nekala,1941,Kerrostalo
28.5,174200,santalahti,2022,Kerrostalo
77.5,326900,santalahti,2022,Kerrostalo
41.5,226500,santalahti,2022,Kerrostalo
41.5,224700,santalahti,2022,Kerrostalo
73.5,308900,santalahti,2022,Kerrostalo
26.5,177900,santalahti,2022,Kerrostalo
52.5,259900,santalahti,2022,Kerrostalo
31.5,183200,santalahti,2022,Kerrostalo
43.0,215900,santalahti,2022,Kerrostalo
28.5,169900,santalahti,2022,Kerrostalo
27.5,169900,santalahti,2022,Kerrostalo
27.0,168900,santalahti,2022,Kerrostalo
35.0,184900,santalahti,2022,Kerrostalo
27.0,168900,santalahti,2022,Kerrostalo
49.5,234900,santalahti,2022,Kerrostalo
41.5,209900,santalahti,2022,Kerrostalo
41.5,216600,santalahti,2022,Kerrostalo
41.0,208800,santalahti,2022,Kerrostalo
41.5,222600,santalahti,2022,Kerrostalo
41.5,218800,santalahti,2022,Kerrostalo
73.5,289800,santalahti,2022,Kerrostalo
26.5,173400,santalahti,2022,Kerrostalo
52.5,251700,santalahti,2022,Kerrostalo
43.0,208900,santalahti,2022,Kerrostalo
31.5,179900,santalahti,2022,Kerrostalo
28.5,166400,santalahti,2022,Kerrostalo
27.5,164800,santalahti,2022,Kerrostalo
27.0,162900,santalahti,2022,Kerrostalo
27.0,165500,santalahti,2022,Kerrostalo
35.0,181500,santalahti,2022,Kerrostalo
49.5,227700,santalahti,2022,Kerrostalo
41.0,203900,santalahti,2022,Kerrostalo
41.5,204800,santalahti,2022,Kerrostalo
41.5,204800,santalahti,2022,Kerrostalo
73.5,279000,santalahti,2022,Kerrostalo
41.5,209900,santalahti,2022,Kerrostalo
41.5,204800,santalahti,2022,Kerrostalo
26.5,169800,santalahti,2022,Kerrostalo
43.0,203000,santalahti,2022,Kerrostalo
52.5,245900,santalahti,2022,Kerrostalo
31.5,176600,santalahti,2022,Kerrostalo
27.0,159700,santalahti,2022,Kerrostalo
27.0,162200,santalahti,2022,Kerrostalo
35.0,178800,santalahti,2022,Kerrostalo
41.5,199800,santalahti,2022,Kerrostalo
49.5,218900,santalahti,2022,Kerrostalo
41.0,198200,santalahti,2022,Kerrostalo
41.5,199800,santalahti,2022,Kerrostalo
41.5,199800,santalahti,2022,Kerrostalo
52.5,239800,santalahti,2022,Kerrostalo
41.5,199800,santalahti,2022,Kerrostalo
43.0,197000,santalahti,2022,Kerrostalo
26.5,166600,santalahti,2022,Kerrostalo
42.0,194000,santalahti,2022,Kerrostalo
28.5,164900,santalahti,2022,Kerrostalo
20.0,154700,santalahti,2022,Kerrostalo
31.5,172900,santalahti,2022,Kerrostalo
106.5,699500,keskusta,2016,Kerrostalo
64.5,123000,hervanta,1982,Kerrostalo
40.0,259900,keskusta,2022,Kerrostalo
37.0,255900,keskusta,2022,Kerrostalo
34.5,248900,keskusta,2022,Kerrostalo
55.5,123000,kaukajärvi,1972,Kerrostalo
67.5,383125,tampella,2022,Kerrostalo
53.5,199000,muotiala,2004,Kerrostalo
43.0,119500,viinikka,1920,Kerrostalo
52.0,148000,haapalinna,1985,Kerrostalo
69.5,228000,vuores,2013,Kerrostalo
46.5,179000,järvensivu,2007,Kerrostalo
82.0,179000,haukiluoma,1985,Rivitalo
56.5,60000,lielahti,1973,Kerrostalo
66.0,239000,vuores,2016,Kerrostalo
28.0,59000,nekala,1940,Kerrostalo
73.5,594100,tampere,2022,Kerrostalo
112.0,989200,tampere,2022,Kerrostalo
66.5,499900,tampere,2022,Kerrostalo
103.5,873100,tampere,2022,Kerrostalo
42.5,307800,tampere,2022,Kerrostalo
62.0,421600,tampere,2022,Kerrostalo
75.5,137000,hervanta,1983,Kerrostalo
57.0,220000,keskusta,1959,Kerrostalo
72.0,28256,rahola,2014,Kerrostalo
31.0,235000,keskusta,2018,Kerrostalo
57.5,344000,keskusta,2019,Kerrostalo
90.0,315000,vuores,2022,Paritalo
56.5,205000,vuores,2022,Rivitalo
56.5,204000,vuores,2022,Rivitalo
56.5,203000,vuores,2022,Rivitalo
71.0,253000,vuores,2022,Rivitalo
71.0,251000,vuores,2022,Rivitalo
71.0,252000,vuores,2022,Rivitalo
71.0,250000,vuores,2022,Rivitalo
71.0,257000,vuores,2022,Rivitalo
71.0,252000,vuores,2022,Rivitalo
70.0,99000,hervanta,1978,Kerrostalo
178.0,920000,pispala,2003,Kerrostalo
57.0,210000,härmälänranta,2017,Kerrostalo
41.0,132000,annala,2011,Kerrostalo
32.5,139600,niemenranta,2020,Kerrostalo
60.5,164000,hervanta,1989,Rivitalo
75.0,246960,haukiluoma,2022,Paritalo
90.0,289960,haukiluoma,2022,Erillistalo
90.0,287960,haukiluoma,2022,Erillistalo
79.0,249960,haukiluoma,2022,Paritalo
90.0,289960,haukiluoma,2022,Erillistalo
79.0,247960,haukiluoma,2022,Paritalo
75.0,243960,haukiluoma,2022,Paritalo
79.0,249960,haukiluoma,2022,Paritalo
79.0,249960,haukiluoma,2022,Paritalo
90.0,286960,haukiluoma,2022,Erillistalo
75.0,239960,haukiluoma,2022,Paritalo
75.0,243960,haukiluoma,2022,Paritalo
77.5,158000,haapalinna,1985,Kerrostalo
74.5,153000,hervanta,1985,Kerrostalo
53.0,114000,hervanta,1989,Kerrostalo
28.0,103900,annala,2015,Kerrostalo
43.0,265000,keskusta,2019,Kerrostalo
61.0,137000,pappila,1972,Kerrostalo
26.0,99400,atala,2015,Kerrostalo
74.5,144000,peltolammi,1991,Luhtitalo
48.0,161000,vuores,2016,Kerrostalo
67.0,22788,kalkku,2010,Kerrostalo
53.2,132000,koivistonkylä,1961,Kerrostalo
76.0,299000,keskusta,1956,Kerrostalo
82.0,376000,keskusta,1952,Kerrostalo
20.5,109500,tesoma,2018,Kerrostalo
35.0,179000,armonkallio,1912,Kerrostalo
61.0,195000,keskusta,1968,Kerrostalo
96.0,222000,hervanta,1979,Kerrostalo
57.0,123000,haapalinna,1995,Kerrostalo
21.0,127500,härmälänranta,2018,Kerrostalo
27.5,112000,annala,2016,Kerrostalo
76.5,385000,santalahti,2021,Kerrostalo
42.0,228000,messukylä,2020,Kerrostalo
45.0,165000,järvensivu,1962,Kerrostalo
48.0,95000,kalkku,1988,Kerrostalo
87.0,290050,tesoma,2021,Kerrostalo
27.0,117900,tesoma,2021,Kerrostalo
60.0,205100,tesoma,2021,Kerrostalo
52.5,129900,linnainmaa,1995,Kerrostalo
41.0,180000,keskusta,1929,Kerrostalo
92.5,129000,peltolammi,1972,Kerrostalo
53.0,255000,keskusta,1940,Kerrostalo
94.5,109000,hervanta,1976,Kerrostalo
64.0,137000,rantaperkiö,1964,Kerrostalo
25.5,109000,haukiluoma,2017,Kerrostalo
45.5,198000,niemenranta,2018,Kerrostalo
20.0,79000,juhannuskylä,1898,Kerrostalo
45.5,168500,hervanta,2018,Kerrostalo
66.0,169000,janka,2005,Kerrostalo
59.5,177000,lintulampi,1991,Rivitalo
54.0,209000,kaleva,1942,Kerrostalo
50.5,109000,kaukajärvi,1968,Kerrostalo
62.0,138000,lielahti,1974,Kerrostalo
62.5,209000,kaleva,1956,Kerrostalo
83.0,188000,tohloppi,1963,Omakotitalo
43.0,163000,niemenranta,2020,Kerrostalo
100.5,389900,vuores,2022,Kerrostalo
97.5,399900,vuores,2022,Kerrostalo
53.5,245900,vuores,2022,Kerrostalo
48.5,225000,kaleva,2018,Kerrostalo
27.5,138000,lentävänniemi,2018,Kerrostalo
68.0,115000,rahola,1966,Kerrostalo
75.5,79000,hervanta,1974,Kerrostalo
47.5,189288,härmälä,2021,Kerrostalo
52.0,204200,hervanta,2021,Kerrostalo
28.5,199500,tammela,2018,Kerrostalo
123.0,438000,olkahinen,1989,Paritalo
51.5,22378,vuores,2015,Kerrostalo
77.0,320000,keskusta,1957,Kerrostalo
32.0,147000,kaleva,1960,Kerrostalo
21.0,103900,annala,2021,Kerrostalo
116.5,448000,tahmela,1986,Rivitalo
23.0,115000,tesoma,2018,Kerrostalo
65.0,275000,keskusta,1929,Kerrostalo
36.5,147000,niemenranta,2017,Kerrostalo
25.0,139000,niemenranta,2019,Kerrostalo
113.5,439000,onkiniemi,2006,Kerrostalo
57.5,134000,holvasti,1972,Rivitalo
137.5,290000,keskusta,2017,Kerrostalo
62.0,88000,hervanta,1977,Kerrostalo
52.5,98000,rahola,1966,Kerrostalo
87.0,299950,tesoma,2021,Kerrostalo
36.0,138000,tesoma,2021,Kerrostalo
60.0,182300,tesoma,2021,Kerrostalo
61.5,109000,hervanta,1988,Kerrostalo
59.5,154000,hallila,1991,Kerrostalo
27.5,139900,niemenranta,2018,Kerrostalo
44.0,179000,härmälä,2005,Kerrostalo
80.0,149000,kaukajärvi,1967,Kerrostalo
63.0,149500,olkahinen,1987,Rivitalo
53.0,199000,amuri,1955,Kerrostalo
44.0,176000,tesoma,2018,Kerrostalo
80.5,272000,kaleva,1965,Kerrostalo
27.5,149000,janka,2019,Kerrostalo
54.0,94000,hervanta,1978,Kerrostalo
54.0,77750,hervanta,1976,Kerrostalo
86.0,237500,koivistonkylä,1975,Rivitalo
78.0,299900,vuores,2022,Kerrostalo
100.5,409900,vuores,2022,Kerrostalo
100.5,399900,vuores,2022,Kerrostalo
65.5,106000,kohmankaari,1967,Kerrostalo
33.5,95000,peltolammi,1990,Luhtitalo
82.5,232000,hervanta,2006,Rivitalo
124.0,312000,atala,1992,Omakotitalo
160.0,456000,niemi,1995,Omakotitalo
42.5,285000,ratina,2011,Kerrostalo
95.0,150000,vehmainen,1979,Rivitalo
75.5,154000,rautaharkko,1973,Kerrostalo
90.0,139000,lukonmäki,1991,Kerrostalo
41.0,120000,nekala,1941,Kerrostalo
45.0,600000,keskusta,2022,Kerrostalo
79.0,162000,haukiluoma,1984,Rivitalo
69.0,258000,kaleva,1960,Kerrostalo
88.5,249000,viiala,1990,Paritalo
51.5,219500,härmälänranta,2019,Kerrostalo
65.0,100000,haapalinna,1985,Kerrostalo
51.5,112000,kaukajärvi,1970,Kerrostalo
41.0,164900,härmälä,2021,Kerrostalo
36.0,272940,tampella,2020,Kerrostalo
36.0,262760,tampella,2020,Kerrostalo
47.5,360200,tampella,2020,Kerrostalo
36.5,255420,keskusta,2022,Kerrostalo
192.5,369230,keskusta,2022,Kerrostalo
93.5,798430,keskusta,2022,Kerrostalo
40.0,281470,keskusta,2022,Kerrostalo
32.0,237850,keskusta,2021,Kerrostalo
76.5,594850,keskusta,2021,Kerrostalo
34.0,252980,keskusta,2021,Kerrostalo
69.0,582560,keskusta,2021,Kerrostalo
32.0,202290,kaleva,2022,Kerrostalo
39.0,220940,kaleva,2022,Kerrostalo
32.0,181300,kaleva,2022,Kerrostalo
39.0,212490,kaleva,2022,Kerrostalo
35.5,201120,kaleva,2022,Kerrostalo
25.0,149960,pyynikki,2020,Kerrostalo
33.5,201010,pyynikki,2020,Kerrostalo
35.5,191440,pyynikki,2020,Kerrostalo
115.0,566070,pyynikki,2020,Kerrostalo
67.0,385290,keskusta,2020,Kerrostalo
66.5,420480,keskusta,2020,Kerrostalo
68.0,422350,keskusta,2020,Kerrostalo
68.0,455370,keskusta,2020,Kerrostalo
99.0,145000,kalkku,1977,Kerrostalo
48.0,129000,annala,2004,Luhtitalo
29.5,140900,peltolammi,2019,Kerrostalo
29.5,134400,peltolammi,2019,Kerrostalo
20.0,145900,santalahti,2019,Kerrostalo
66.5,218000,vuores,2017,Kerrostalo
60.0,134000,kaukajärvi,1966,Kerrostalo
36.0,228500,tampella,2020,Kerrostalo
62.0,279000,niemenranta,2020,Kerrostalo
68.5,295500,lentävänniemi,2019,Kerrostalo
34.0,159800,hervanta,2021,Kerrostalo
47.0,198500,härmälänranta,2012,Kerrostalo
51.0,229000,pyynikki,1926,Puutalo-osake
60.0,124000,haapalinna,1995,Kerrostalo
33.5,15416,vuores,2015,Kerrostalo
38.5,162000,tampere,2012,Kerrostalo
51.0,145000,haapalinna,1995,Kerrostalo
48.0,149000,janka,1995,Kerrostalo
34.0,157500,hervanta,2021,Kerrostalo
46.5,228000,santalahti,2020,Kerrostalo
47.5,134000,takahuhti,1988,Rivitalo
31.0,145000,kaleva,2012,Kerrostalo
84.5,235000,leinola,2004,Rivitalo
189.0,250000,takahuhti,1965,Rivitalo
39.0,146500,vuores,2017,Kerrostalo
28.5,109900,annala,2016,Kerrostalo
36.0,272940,tampella,2020,Kerrostalo
85.0,135000,peltolammi,1966,Kerrostalo
61.5,169500,kissanmaa,1957,Kerrostalo
26.0,163900,santalahti,2019,Kerrostalo
54.5,259500,kaakinmaa,1975,Kerrostalo
33.0,50000,viinikka,1950,Kerrostalo
27.0,105000,hyhky,1894,Kerrostalo
45.5,159000,linnainmaa,2011,Kerrostalo
36.0,140000,kaukajärvi,2016,Kerrostalo
22.5,109900,annala,2022,Kerrostalo
21.5,112500,vuores,2015,Kerrostalo
116.5,990000,keskusta,2018,Kerrostalo
43.0,105000,rahola,1966,Kerrostalo
75.5,86000,hervanta,1975,Kerrostalo
35.5,161000,hervanta,2021,Kerrostalo
37.0,129000,takahuhti,2012,Kerrostalo
61.0,290000,keskusta,1957,Kerrostalo
71.5,119000,annala,1974,Kerrostalo
175.5,462000,atala,1985,Erillistalo
60.0,235900,vuores,2021,Kerrostalo
97.5,379000,vuores,2022,Kerrostalo
181.5,339000,koivistonkylä,1997,Erillistalo
40.0,178000,linnainmaa,2018,Kerrostalo
27.5,103900,annala,2015,Kerrostalo
32.0,114900,annala,2015,Kerrostalo
74.5,120000,hervanta,1979,Kerrostalo
45.0,316500,tampella,2021,Kerrostalo
118.0,867300,tampella,2021,Kerrostalo
64.0,83000,kalkku,1975,Kerrostalo
79.5,159000,hervanta,1989,Kerrostalo
99.0,350000,hakametsä,2012,Kerrostalo
56.5,160000,janka,2004,Kerrostalo
53.0,44860,terälahti,1975,Luhtitalo
60.0,220000,tammela,1954,Kerrostalo
38.0,72000,rahola,1947,Kerrostalo
87.0,349000,tammela,1984,Kerrostalo
57.0,163000,pohtola,1989,Luhtitalo
81.0,495000,pyynikki,2018,Kerrostalo
37.0,164200,niemenranta,2021,Kerrostalo
26.0,138400,niemenranta,2021,Kerrostalo
28.5,85000,hyhky,1927,Kerrostalo
28.5,86000,hyhky,1927,Kerrostalo
77.0,189000,hirvikallio,2011,Rivitalo
27.0,156000,niemenranta,2021,Kerrostalo
82.5,164000,hervanta,1990,Kerrostalo
62.0,278000,keskusta,1962,Kerrostalo
31.0,143000,amuri,1972,Kerrostalo
97.0,238000,lukonmäki,1980,Rivitalo
64.0,95000,kaukajärvi,1968,Kerrostalo
46.0,358800,tampella,2019,Kerrostalo
69.5,339000,keskusta,1999,Kerrostalo
79.0,118000,kohmankaari,1964,Kerrostalo
64.0,246000,keskusta,1967,Kerrostalo
86.0,179000,koivistonkylä,1975,Rivitalo
26.0,139800,härmälänranta,2018,Kerrostalo
74.1,129000,tesoma,1968,Kerrostalo
30.5,164000,kaleva,2016,Kerrostalo
41.0,169200,härmälä,2021,Kerrostalo
90.5,144000,hervanta,1984,Kerrostalo
114.0,235000,ryydynpohja,1980,Rivitalo
28.0,114000,vuores,2018,Kerrostalo
120.0,841000,tampella,2022,Kerrostalo
49.5,225000,keskusta,1927,Kerrostalo
46.5,208200,härmälänranta,2022,Kerrostalo
57.5,254500,härmälänranta,2022,Kerrostalo
57.5,261800,härmälänranta,2022,Kerrostalo
67.5,326500,härmälänranta,2022,Kerrostalo
69.5,313200,härmälänranta,2022,Kerrostalo
84.0,402800,härmälänranta,2022,Kerrostalo
84.0,413900,härmälänranta,2022,Kerrostalo
69.5,339900,härmälänranta,2022,Kerrostalo
67.5,336200,härmälänranta,2022,Kerrostalo
46.5,214200,härmälänranta,2022,Kerrostalo
69.5,349900,härmälänranta,2022,Kerrostalo
84.0,394300,härmälänranta,2022,Kerrostalo
67.5,313900,härmälänranta,2022,Kerrostalo
69.5,326600,härmälänranta,2022,Kerrostalo
67.5,320400,härmälänranta,2022,Kerrostalo
43.0,174900,annala,2022,Kerrostalo
97.0,138000,hervanta,1979,Rivitalo
52.0,193500,hervanta,2022,Kerrostalo
52.5,206500,hervanta,2022,Kerrostalo
52.5,199500,hervanta,2022,Kerrostalo
50.0,189500,hervanta,2022,Kerrostalo
50.0,183500,hervanta,2022,Kerrostalo
50.0,179500,hervanta,2022,Kerrostalo
50.0,175500,hervanta,2022,Kerrostalo
47.5,186500,hervanta,2022,Kerrostalo
47.5,183500,hervanta,2022,Kerrostalo
47.5,178500,hervanta,2022,Kerrostalo
47.5,174500,hervanta,2022,Kerrostalo
48.5,162500,hervanta,2022,Kerrostalo
40.0,147500,hervanta,2022,Kerrostalo
47.0,159500,hervanta,2022,Kerrostalo
48.0,131000,janka,1991,Kerrostalo
92.5,125000,hervanta,1974,Kerrostalo
24.5,136000,lielahti,2019,Kerrostalo
62.5,264000,pyynikki,1990,Kerrostalo
50.5,229000,hatanpää,2019,Kerrostalo
32.5,145000,tesoma,2018,Kerrostalo
60.0,239000,amuri,1946,Kerrostalo
60.0,420500,tampella,2021,Kerrostalo
118.0,826000,tampella,2021,Kerrostalo
23.0,129500,multisilta,2020,Kerrostalo
34.5,149000,keskusta,1963,Kerrostalo
89.5,126000,hervanta,1975,Kerrostalo
98.5,639900,pispala,2003,Kerrostalo
48.0,89000,tesoma,1968,Kerrostalo
45.0,239000,pyynikki,2014,Kerrostalo
54.5,249000,juhannuskylä,1983,Kerrostalo
21.0,105000,vuores,2016,Kerrostalo
23.5,99000,annala,2017,Kerrostalo
87.9,133000,tesoma,1966,Kerrostalo
57.0,148000,kämmenniemi,2012,Rivitalo
61.5,338000,keskusta,1963,Kerrostalo
22.5,109900,vuores,2016,Kerrostalo
63.0,158000,atala,1989,Rivitalo
82.0,250000,linnainmaa,2005,Paritalo
54.5,235000,keskusta,1966,Kerrostalo
36.0,224900,kaleva,2022,Kerrostalo
94.0,209000,annala,1982,Rivitalo
86.0,259000,kaleva,1958,Kerrostalo
57.5,78000,hervanta,1974,Kerrostalo
64.0,244700,härmälä,2021,Kerrostalo
26.0,139000,armonkallio,1975,Kerrostalo
53.5,85000,peltolammi,1968,Kerrostalo
56.5,169000,villilä,2014,Kerrostalo
33.5,122200,atala,2017,Kerrostalo
55.0,202800,vuores,2021,Kerrostalo
62.0,117000,hervanta,1985,Kerrostalo
75.0,157000,lentävänniemi,1977,Kerrostalo
47.5,189000,kaleva,2012,Kerrostalo
85.5,100000,peltolammi,1967,Kerrostalo
49.5,179000,lentävänniemi,2018,Kerrostalo
71.5,115000,hervanta,1977,Kerrostalo
40.5,179900,vuores,2021,Kerrostalo
63.0,155000,holvasti,2003,Kerrostalo
75.0,245000,niemenranta,2018,Kerrostalo
73.5,533100,tampella,2022,Kerrostalo
43.0,280100,tampella,2022,Kerrostalo
73.5,513600,tampella,2022,Kerrostalo
167.0,774100,tampella,2022,Kerrostalo
43.0,270200,tampella,2022,Kerrostalo
43.5,340000,tampella,2022,Kerrostalo
45.5,333200,tampella,2022,Kerrostalo
73.5,502800,tampella,2022,Kerrostalo
45.5,322700,tampella,2022,Kerrostalo
49.0,342800,tampella,2022,Kerrostalo
43.0,259600,tampella,2022,Kerrostalo
167.0,612400,tampella,2022,Kerrostalo
43.0,275600,tampella,2022,Kerrostalo
73.5,492000,tampella,2022,Kerrostalo
112.5,803700,tampella,2022,Kerrostalo
45.5,312300,tampella,2022,Kerrostalo
112.5,782200,tampella,2022,Kerrostalo
49.0,333700,tampella,2022,Kerrostalo
73.5,483400,tampella,2022,Kerrostalo
43.0,230700,tampella,2022,Kerrostalo
112.5,760600,tampella,2022,Kerrostalo
49.0,322700,tampella,2022,Kerrostalo
43.0,239100,tampella,2022,Kerrostalo
45.5,302000,tampella,2022,Kerrostalo
73.5,472200,tampella,2022,Kerrostalo
52.0,304600,tampella,2022,Kerrostalo
112.5,741300,tampella,2022,Kerrostalo
43.0,209700,tampella,2022,Kerrostalo
45.5,266900,tampella,2022,Kerrostalo
45.5,291800,tampella,2022,Kerrostalo
49.0,282800,tampella,2022,Kerrostalo
90.0,511300,tampella,2022,Kerrostalo
49.0,313600,tampella,2022,Kerrostalo
98.0,607700,tampella,2022,Kerrostalo
90.0,495300,tampella,2022,Kerrostalo
31.5,197100,tampella,2022,Kerrostalo
52.0,295100,tampella,2022,Kerrostalo
45.5,257700,tampella,2022,Kerrostalo
98.0,588000,tampella,2022,Kerrostalo
49.0,272800,tampella,2022,Kerrostalo
46.0,262400,tampella,2022,Kerrostalo
46.0,246600,tampella,2022,Kerrostalo
31.5,182500,tampella,2022,Kerrostalo
40.5,498000,keskusta,2021,Kerrostalo
79.5,174000,finninmäki,1983,Rivitalo
45.0,157000,lamminpää,2018,Kerrostalo
70.0,184000,kämmenniemi,2005,Omakotitalo
72.5,129000,lentävänniemi,1979,Kerrostalo
260.0,130000,kämmenniemi,1958,Omakotitalo
55.5,109000,kaukajärvi,1971,Kerrostalo
26.0,145000,janka,2019,Kerrostalo
323.5,600000,amuri,1976,Kerrostalo
76.0,125000,tesoma,1965,Kerrostalo
45.0,110000,annala,1993,Kerrostalo
69.0,266000,keskusta,1959,Kerrostalo
37.0,258900,keskusta,2022,Kerrostalo
74.5,498900,keskusta,2022,Kerrostalo
58.5,229300,hervanta,2022,Kerrostalo
58.5,231700,hervanta,2022,Kerrostalo
58.5,238700,hervanta,2022,Kerrostalo
58.5,234000,hervanta,2022,Kerrostalo
58.5,227000,hervanta,2022,Kerrostalo
34.5,151200,hervanta,2022,Kerrostalo
34.5,144300,hervanta,2022,Kerrostalo
58.5,224600,hervanta,2022,Kerrostalo
34.5,156800,hervanta,2022,Kerrostalo
34.5,154000,hervanta,2022,Kerrostalo
34.5,149800,hervanta,2022,Kerrostalo
41.0,181200,hervanta,2022,Kerrostalo
48.0,176000,hervanta,2022,Kerrostalo
41.0,176200,hervanta,2022,Kerrostalo
41.0,176200,hervanta,2022,Kerrostalo
41.0,171300,hervanta,2022,Kerrostalo
41.0,166300,hervanta,2022,Kerrostalo
48.5,177300,hervanta,2022,Kerrostalo
48.5,186400,hervanta,2022,Kerrostalo
41.0,166300,hervanta,2022,Kerrostalo
48.5,182800,hervanta,2022,Kerrostalo
41.0,171300,hervanta,2022,Kerrostalo
48.5,188200,hervanta,2022,Kerrostalo
68.5,258100,hervanta,2022,Kerrostalo
68.5,255300,hervanta,2022,Kerrostalo
68.5,249800,hervanta,2022,Kerrostalo
68.5,241600,hervanta,2022,Kerrostalo
68.5,252600,hervanta,2022,Kerrostalo
30.5,132500,hervanta,2022,Kerrostalo
30.5,134900,hervanta,2022,Kerrostalo
32.5,143700,hervanta,2022,Kerrostalo
32.5,145000,hervanta,2022,Kerrostalo
32.5,140000,hervanta,2022,Kerrostalo
32.5,148900,hervanta,2022,Kerrostalo
32.5,146300,hervanta,2022,Kerrostalo
32.5,137200,hervanta,2022,Kerrostalo
41.0,181000,niemenranta,2018,Kerrostalo
57.5,104500,hervanta,1975,Kerrostalo
79.5,238000,hakametsä,1984,Kerrostalo
24.0,126000,härmälänranta,2019,Luhtitalo
53.0,255090,annala,2022,Kerrostalo
52.0,250010,annala,2022,Kerrostalo
80.0,249000,tammela,1990,Kerrostalo
78.0,156000,kaukajärvi,1966,Kerrostalo
48.5,189700,vuores,2021,Kerrostalo
74.5,254100,vuores,2021,Kerrostalo
93.5,178000,rahola,1972,Kerrostalo
72.5,90000,lentävänniemi,1978,Kerrostalo
73.0,159000,rahola,1972,Kerrostalo
57.0,119000,kaukajärvi,1971,Kerrostalo
33.5,179210,pyynikki,2020,Kerrostalo
65.0,480180,keskusta,2022,Kerrostalo
49.0,324890,keskusta,2022,Kerrostalo
50.5,342260,keskusta,2022,Kerrostalo
43.5,294270,tampella,2020,Kerrostalo
68.0,479350,keskusta,2020,Kerrostalo
32.0,174000,härmälä,2017,Kerrostalo
39.5,92494,annala,1974,Kerrostalo
54.0,170000,rahola,2014,Kerrostalo
126.0,465000,linnainmaa,2021,Rivitalo
65.5,105000,tesoma,1967,Kerrostalo
81.5,208000,hervanta,1990,Kerrostalo
32.0,49000,nekala,1945,Kerrostalo
70.5,79900,multisilta,1978,Kerrostalo
62.0,78000,hervanta,1974,Kerrostalo
112.0,795000,pyynikki,2019,Kerrostalo
80.5,342125,vuores,2021,Kerrostalo
102.5,420250,vuores,2021,Kerrostalo
94.0,387450,vuores,2021,Kerrostalo
80.5,330050,vuores,2021,Kerrostalo
71.0,262700,koivistonkylä,2020,Rivitalo
96.0,189000,pohtola,1972,Rivitalo
50.0,83000,epilä,1963,Kerrostalo
23.0,115700,multisilta,2019,Kerrostalo
43.5,67000,härmälä,1939,Kerrostalo
37.5,164000,lentävänniemi,2019,Kerrostalo
71.5,279500,härmälänranta,2021,Kerrostalo
38.0,189500,härmälänranta,2021,Kerrostalo
45.0,301500,tampella,2021,Kerrostalo
24.5,174000,ratina,2011,Kerrostalo
75.5,120000,hervanta,1976,Kerrostalo
130.0,250000,pappila,1974,Rivitalo
28.5,221000,tammela,2018,Kerrostalo
58.0,119000,irjala,1957,Kerrostalo
65.0,167000,hervanta,2007,Kerrostalo
23.5,160543,kaleva,2022,Kerrostalo
45.0,233500,tampella,2022,Kerrostalo
39.0,177000,muotiala,2017,Luhtitalo
75.0,499900,keskusta,2022,Kerrostalo
75.5,489900,keskusta,2022,Kerrostalo
59.0,219000,keskusta,1959,Kerrostalo
62.0,143500,lintulampi,1993,Kerrostalo
56.0,179000,kaukajärvi,2003,Kerrostalo
28.0,139900,annala,2021,Kerrostalo
82.0,139000,tohloppi,1970,Rivitalo
45.0,156880,vehmainen,2019,Kerrostalo
47.0,197000,härmälänranta,2017,Kerrostalo
34.5,253900,keskusta,2022,Kerrostalo
150.0,769000,keskusta,1926,Kerrostalo
85.0,569500,pispala,2003,Kerrostalo
133.0,519000,keskusta,1927,Kerrostalo
57.5,69000,lentävänniemi,1978,Kerrostalo
60.5,87000,hervanta,1977,Kerrostalo
63.0,434000,keskusta,2020,Kerrostalo
51.0,229000,pyynikki,1926,Kerrostalo
77.0,80000,hervanta,1977,Kerrostalo
72.5,147000,olkahinen,1983,Rivitalo
68.5,275000,lentävänniemi,2019,Kerrostalo
90.0,129000,kalkku,1952,Omakotitalo
42.5,15755,annala,2016,Kerrostalo
54.5,108000,hervanta,1978,Kerrostalo
76.0,319500,tammela,1956,Kerrostalo
74.0,123000,annala,1979,Kerrostalo
72.0,227850,hervanta,2022,Kerrostalo
40.0,288000,pyynikki,2020,Kerrostalo
78.0,22505,epilä,2000,Kerrostalo
51.0,75000,multisilta,1974,Kerrostalo
74.0,489000,pyynikki,2019,Kerrostalo
97.5,685000,pyynikki,2019,Kerrostalo
53.5,294000,tampella,2009,Kerrostalo
106.0,430000,pispala,1988,Paritalo
47.0,112000,nekala,1962,Kerrostalo
55.0,227000,amuri,1963,Kerrostalo
56.0,75500,multisilta,1978,Kerrostalo
51.5,220000,takahuhti,2022,Kerrostalo
28.0,152800,takahuhti,2022,Kerrostalo
28.0,146600,takahuhti,2022,Kerrostalo
33.0,185100,takahuhti,2022,Kerrostalo
28.0,146600,takahuhti,2022,Kerrostalo
28.0,145300,takahuhti,2022,Kerrostalo
40.0,199500,takahuhti,2022,Kerrostalo
33.0,183400,takahuhti,2022,Kerrostalo
51.5,175200,takahuhti,2022,Kerrostalo
28.0,150300,takahuhti,2022,Kerrostalo
33.0,180100,takahuhti,2022,Kerrostalo
43.0,187000,takahuhti,2022,Kerrostalo
40.0,198500,takahuhti,2022,Kerrostalo
44.0,219000,tampella,2019,Kerrostalo
54.0,148000,janka,1991,Kerrostalo
70.0,99000,hervanta,1975,Kerrostalo
60.0,381400,tampella,2021,Kerrostalo
88.0,570600,tampella,2021,Kerrostalo
75.5,350000,keskusta,1997,Kerrostalo
98.0,409900,vuores,2022,Kerrostalo
28.0,127900,vuores,2022,Kerrostalo
72.0,299900,vuores,2022,Kerrostalo
100.5,419900,vuores,2022,Kerrostalo
25.5,125900,vuores,2022,Kerrostalo
30.5,136900,vuores,2022,Kerrostalo
31.0,137900,vuores,2022,Kerrostalo
31.0,135900,vuores,2022,Kerrostalo
25.5,123900,vuores,2022,Kerrostalo
30.5,134900,vuores,2022,Kerrostalo
28.0,128900,vuores,2022,Kerrostalo
27.5,121900,vuores,2022,Kerrostalo
31.0,133900,vuores,2022,Kerrostalo
56.5,149000,hervanta,1977,Kerrostalo
37.0,163000,härmälänranta,2015,Kerrostalo
62.0,138499,olkahinen,1980,Rivitalo
130.0,335000,niemi,2003,Paritalo
39.0,146000,vuores,2016,Kerrostalo
72.0,241350,hervanta,2022,Kerrostalo
37.0,263900,keskusta,2022,Kerrostalo
33.0,222000,tammela,2022,Kerrostalo
20.5,183000,tammela,2022,Kerrostalo
20.5,180000,tammela,2022,Kerrostalo
20.5,180000,tammela,2022,Kerrostalo
66.5,485000,tammela,2022,Kerrostalo
66.5,468000,tammela,2022,Kerrostalo
58.5,353800,tammela,2022,Kerrostalo
25.0,129900,amuri,1946,Kerrostalo
41.0,169200,härmälä,2020,Kerrostalo
64.0,247900,härmälä,2020,Kerrostalo
39.0,146000,vuores,2016,Kerrostalo
47.0,200000,härmälänranta,2017,Kerrostalo
45.0,324000,keskusta,2020,Kerrostalo
30.0,179000,kaleva,2017,Kerrostalo
63.0,115000,saarenvainionkatu 11 e,1970,Kerrostalo
36.0,218000,tampella,2018,Kerrostalo
57.5,299000,tampella,2001,Kerrostalo
32.0,211300,tampella,2020,Kerrostalo
81.0,178000,linnainmaa,1995,Kerrostalo
94.0,721810,keskusta,2022,Kerrostalo
67.0,468440,keskusta,2022,Kerrostalo
50.5,347370,keskusta,2022,Kerrostalo
43.5,310670,keskusta,2021,Kerrostalo
34.0,244000,keskusta,2021,Kerrostalo
34.0,240210,keskusta,2021,Kerrostalo
35.5,198620,pyynikki,2020,Kerrostalo
62.5,269040,kaleva,2022,Kerrostalo
32.0,194420,kaleva,2022,Kerrostalo
35.5,227360,kaleva,2022,Kerrostalo
112.5,630625,tampella,2022,Kerrostalo
29.5,194000,tampella,2020,Kerrostalo
53.0,115000,rahola,1989,Kerrostalo
39.0,169500,hervanta,2014,Kerrostalo
57.5,97000,multisilta,1971,Kerrostalo
38.0,167500,hervanta,2014,Kerrostalo
77.0,87000,hervanta,1977,Kerrostalo
53.0,99000,annala,1989,Kerrostalo
70.5,247500,hervanta,2022,Kerrostalo
70.5,236500,hervanta,2022,Kerrostalo
70.5,226500,hervanta,2022,Kerrostalo
70.5,215500,hervanta,2022,Kerrostalo
27.0,143500,hervanta,2022,Kerrostalo
27.0,140500,hervanta,2022,Kerrostalo
27.0,138500,hervanta,2022,Kerrostalo
27.0,136500,hervanta,2022,Kerrostalo
25.5,132500,hervanta,2022,Kerrostalo
25.5,129500,hervanta,2022,Kerrostalo
25.5,132500,hervanta,2022,Kerrostalo
25.5,129500,hervanta,2022,Kerrostalo
55.5,207500,hervanta,2022,Kerrostalo
55.5,198500,hervanta,2022,Kerrostalo
55.5,189500,hervanta,2022,Kerrostalo
55.5,187500,hervanta,2022,Kerrostalo
25.5,135500,hervanta,2022,Kerrostalo
25.5,130500,hervanta,2022,Kerrostalo
25.5,127500,hervanta,2022,Kerrostalo
25.5,135500,hervanta,2022,Kerrostalo
25.5,130500,hervanta,2022,Kerrostalo
25.5,127500,hervanta,2022,Kerrostalo
71.0,199500,hervanta,2022,Kerrostalo
62.5,290020,kaleva,2022,Kerrostalo
60.5,248000,lentävänniemi,2019,Kerrostalo
47.2,79000,lamminpää,1954,Kerrostalo
55.0,109000,koivistonkylä,1958,Kerrostalo
75.5,90000,tesoma,1979,Kerrostalo
92.5,137000,haukiluoma,1987,Kerrostalo
66.0,315500,niemenranta,2020,Kerrostalo
29.0,199000,tampella,2019,Kerrostalo
36.0,239000,tampella,2018,Kerrostalo
44.0,229000,hatanpää,2019,Kerrostalo
92.0,529000,santalahti,2022,Kerrostalo
41.0,147800,tesoma,2018,Kerrostalo
79.5,375000,keskusta,1963,Kerrostalo
357.0,499000,aitolahti,1942,Omakotitalo
28.5,166500,kaleva,2017,Kerrostalo
39.0,239900,keskusta,2022,Kerrostalo
37.0,174400,niemenranta,2021,Kerrostalo
39.0,185400,niemenranta,2021,Kerrostalo
37.0,168300,niemenranta,2021,Kerrostalo
26.0,135200,niemenranta,2021,Kerrostalo
26.5,136400,niemenranta,2021,Kerrostalo
37.0,160100,niemenranta,2021,Kerrostalo
26.0,132600,niemenranta,2021,Kerrostalo
63.0,259400,niemenranta,2021,Kerrostalo
71.5,274500,niemenranta,2021,Kerrostalo
26.5,133800,niemenranta,2021,Kerrostalo
63.0,252600,niemenranta,2021,Kerrostalo
37.0,156700,niemenranta,2021,Kerrostalo
26.5,132400,niemenranta,2021,Kerrostalo
71.5,262100,niemenranta,2021,Kerrostalo
26.0,131200,niemenranta,2021,Kerrostalo
26.0,130200,niemenranta,2021,Kerrostalo
71.5,244400,niemenranta,2021,Kerrostalo
26.5,129000,niemenranta,2021,Kerrostalo
63.0,225200,niemenranta,2021,Kerrostalo
63.0,213800,niemenranta,2021,Kerrostalo
56.0,97000,lentävänniemi,1979,Kerrostalo
68.0,306300,niemenranta,2021,Kerrostalo
29.0,134300,niemenranta,2021,Kerrostalo
66.5,259000,koivistonkylä,2022,Kerrostalo
66.5,249000,koivistonkylä,2022,Kerrostalo
40.0,158000,koivistonkylä,2022,Kerrostalo
57.0,236000,koivistonkylä,2022,Kerrostalo
57.0,225000,koivistonkylä,2022,Kerrostalo
57.0,219000,koivistonkylä,2022,Kerrostalo
57.0,215000,koivistonkylä,2022,Kerrostalo
21.5,112000,koivistonkylä,2022,Kerrostalo
21.5,117000,koivistonkylä,2022,Kerrostalo
21.5,112000,koivistonkylä,2022,Kerrostalo
21.5,117000,koivistonkylä,2022,Kerrostalo
21.5,109000,koivistonkylä,2022,Kerrostalo
21.5,109000,koivistonkylä,2022,Kerrostalo
21.5,106000,koivistonkylä,2022,Kerrostalo
21.5,106000,koivistonkylä,2022,Kerrostalo
57.5,239000,koivistonkylä,2022,Kerrostalo
57.5,228000,koivistonkylä,2022,Kerrostalo
57.5,222000,koivistonkylä,2022,Kerrostalo
57.5,213000,koivistonkylä,2022,Kerrostalo
34.5,163000,koivistonkylä,2022,Kerrostalo
57.5,218000,koivistonkylä,2022,Kerrostalo
34.5,159000,koivistonkylä,2022,Kerrostalo
34.5,157000,koivistonkylä,2022,Kerrostalo
34.5,153000,koivistonkylä,2022,Kerrostalo
34.5,149000,koivistonkylä,2022,Kerrostalo
49.0,178000,koivistonkylä,2022,Kerrostalo
49.0,189000,koivistonkylä,2022,Kerrostalo
49.0,185000,koivistonkylä,2022,Kerrostalo
49.0,182000,koivistonkylä,2022,Kerrostalo
46.0,182000,koivistonkylä,2022,Kerrostalo
46.0,172000,koivistonkylä,2022,Kerrostalo
46.0,179000,koivistonkylä,2022,Kerrostalo
46.0,176000,koivistonkylä,2022,Kerrostalo
40.0,167000,koivistonkylä,2022,Kerrostalo
25.0,119000,koivistonkylä,2022,Kerrostalo
40.0,163000,koivistonkylä,2022,Kerrostalo
25.0,111000,koivistonkylä,2022,Kerrostalo
25.0,115000,koivistonkylä,2022,Kerrostalo
49.5,182000,koivistonkylä,2022,Kerrostalo
43.0,165000,koivistonkylä,2022,Kerrostalo
51.5,192000,koivistonkylä,2022,Kerrostalo
51.5,189000,koivistonkylä,2022,Kerrostalo
51.5,186000,koivistonkylä,2022,Kerrostalo
49.5,185000,koivistonkylä,2022,Kerrostalo
49.5,189000,koivistonkylä,2022,Kerrostalo
25.0,123000,koivistonkylä,2022,Kerrostalo
25.0,119000,koivistonkylä,2022,Kerrostalo
25.0,119000,koivistonkylä,2022,Kerrostalo
25.0,115000,koivistonkylä,2022,Kerrostalo
25.0,115000,koivistonkylä,2022,Kerrostalo
25.0,111000,koivistonkylä,2022,Kerrostalo
61.5,226000,koivistonkylä,2022,Kerrostalo
25.0,111000,koivistonkylä,2022,Kerrostalo
50.5,185000,koivistonkylä,2022,Kerrostalo
61.5,231000,koivistonkylä,2022,Kerrostalo
50.5,182000,koivistonkylä,2022,Kerrostalo
50.5,178000,koivistonkylä,2022,Kerrostalo
43.0,175000,koivistonkylä,2022,Kerrostalo
61.5,221000,koivistonkylä,2022,Kerrostalo
43.0,172000,koivistonkylä,2022,Kerrostalo
43.0,169000,koivistonkylä,2022,Kerrostalo
29.5,137000,koivistonkylä,2022,Kerrostalo
29.5,137000,koivistonkylä,2022,Kerrostalo
29.5,124000,koivistonkylä,2022,Kerrostalo
29.5,124000,koivistonkylä,2022,Kerrostalo
29.5,133000,koivistonkylä,2022,Kerrostalo
29.5,129000,koivistonkylä,2022,Kerrostalo
29.5,133000,koivistonkylä,2022,Kerrostalo
29.5,129000,koivistonkylä,2022,Kerrostalo
37.0,244900,keskusta,2022,Kerrostalo
54.5,21438,vuores,2012,Kerrostalo
58.5,105808,multisilta,1971,Kerrostalo
61.5,224000,vuores,2021,Kerrostalo
57.0,129000,janka,1991,Kerrostalo
72.0,127000,hervanta,1985,Kerrostalo
44.0,132000,annala,2016,Kerrostalo
50.5,149000,annala,2016,Kerrostalo
80.0,208000,ikuri,1992,Erillistalo
62.0,231700,hervanta,2021,Kerrostalo
43.0,177100,hervanta,2021,Kerrostalo
47.0,179700,hervanta,2021,Kerrostalo
71.5,234900,hervanta,2021,Kerrostalo
62.0,213200,hervanta,2021,Kerrostalo
71.5,232400,hervanta,2021,Kerrostalo
62.0,210700,hervanta,2021,Kerrostalo
71.5,229900,hervanta,2021,Kerrostalo
35.5,157800,hervanta,2021,Kerrostalo
69.5,223300,hervanta,2021,Kerrostalo
71.5,242900,hervanta,2021,Kerrostalo
61.5,223700,hervanta,2021,Kerrostalo
62.0,232300,hervanta,2021,Kerrostalo
61.5,215700,hervanta,2021,Kerrostalo
43.0,169200,hervanta,2021,Kerrostalo
62.0,222400,hervanta,2021,Kerrostalo
71.5,229900,hervanta,2021,Kerrostalo
62.0,213200,hervanta,2021,Kerrostalo
62.0,210700,hervanta,2021,Kerrostalo
69.5,223300,hervanta,2021,Kerrostalo
52.5,225000,keskusta,1966,Kerrostalo
47.0,179000,tammela,1971,Kerrostalo
54.0,90000,härmälä,1937,Kerrostalo
58.0,207000,hakametsä,1988,Kerrostalo
74.0,139000,rautaharkko,1969,Kerrostalo
39.0,217740,kaleva,2022,Kerrostalo
31.5,183340,kaleva,2022,Kerrostalo
64.0,274870,kaleva,2022,Kerrostalo
25.0,149960,pyynikki,2020,Kerrostalo
66.5,384660,keskusta,2020,Kerrostalo
34.0,246830,keskusta,2021,Kerrostalo
56.0,412760,keskusta,2022,Kerrostalo
64.0,477120,keskusta,2022,Kerrostalo
44.5,18155,vuores,2012,Kerrostalo
25.5,109000,haukiluoma,2017,Kerrostalo
60.0,441500,tampella,2021,Kerrostalo
26.5,129000,linnainmaa,2021,Kerrostalo
59.5,86747,annala,1980,Kerrostalo
47.2,79000,lamminpää,1954,Puutalo-osake
58.5,274500,takahuhti,2021,Kerrostalo
40.5,202000,takahuhti,2021,Kerrostalo
58.5,255400,takahuhti,2021,Kerrostalo
50.0,216500,takahuhti,2021,Kerrostalo
80.5,127000,kohmankaari,1967,Kerrostalo
80.0,125000,hervanta,1987,Kerrostalo
57.0,195000,keskusta,1974,Kerrostalo
105.0,279000,härmälä,1981,Omakotitalo
73.0,158000,holvasti,1972,Rivitalo
61.5,268000,kaleva,2018,Kerrostalo
88.0,483600,tampella,2022,Kerrostalo
81.0,22407,rahola,2002,Kerrostalo
55.0,598000,keskusta,2021,Kerrostalo
60.5,139000,janka,1995,Kerrostalo
56.5,253000,muotiala,2019,Luhtitalo
96.0,375000,keskusta,1927,Kerrostalo
68.0,422350,keskusta,2020,Kerrostalo
41.0,189000,keskusta,2020,Kerrostalo
42.0,179000,keskusta,2020,Kerrostalo
45.0,209500,tampella,2022,Kerrostalo
66.5,440730,keskusta,2020,Kerrostalo
68.0,464400,keskusta,2020,Kerrostalo
66.5,406780,keskusta,2020,Kerrostalo
66.5,397750,keskusta,2020,Kerrostalo
68.0,442600,keskusta,2020,Kerrostalo
68.0,433560,keskusta,2020,Kerrostalo
66.5,375940,keskusta,2020,Kerrostalo
58.0,251400,niemenranta,2021,Kerrostalo
44.0,176800,niemenranta,2021,Kerrostalo
58.0,230800,niemenranta,2021,Kerrostalo
58.0,259100,niemenranta,2021,Kerrostalo
58.0,257500,niemenranta,2021,Kerrostalo
58.0,222500,niemenranta,2021,Kerrostalo
58.0,217800,niemenranta,2021,Kerrostalo
44.0,182900,niemenranta,2021,Kerrostalo
33.5,194360,pyynikki,2020,Kerrostalo
33.5,186120,pyynikki,2020,Kerrostalo
35.5,173890,pyynikki,2020,Kerrostalo
24.5,144380,pyynikki,2020,Kerrostalo
25.0,149960,pyynikki,2020,Kerrostalo
25.5,108000,haukiluoma,2017,Kerrostalo
27.5,129000,linnainmaa,2018,Kerrostalo
57.0,195000,vuores,2016,Kerrostalo
59.0,229900,huikas,2021,Kerrostalo
52.5,256300,härmälänranta,2021,Kerrostalo
69.5,329900,härmälänranta,2021,Kerrostalo
28.5,194000,santalahti,2022,Kerrostalo
35.5,209000,santalahti,2022,Kerrostalo
59.5,289000,santalahti,2022,Kerrostalo
28.5,189000,santalahti,2022,Kerrostalo
29.0,189000,santalahti,2022,Kerrostalo
28.5,184000,santalahti,2022,Kerrostalo
86.5,512000,santalahti,2022,Kerrostalo
29.0,184000,santalahti,2022,Kerrostalo
35.0,193000,santalahti,2022,Kerrostalo
35.5,193000,santalahti,2022,Kerrostalo
29.0,179000,santalahti,2022,Kerrostalo
52.5,254000,santalahti,2022,Kerrostalo
35.0,188000,santalahti,2022,Kerrostalo
35.5,188000,santalahti,2022,Kerrostalo
35.0,181000,santalahti,2022,Kerrostalo
48.0,229000,santalahti,2022,Kerrostalo
48.5,229000,santalahti,2022,Kerrostalo
73.5,270000,santalahti,2022,Kerrostalo
238.0,405000,pyynikki,1978,Kerrostalo
69.5,362000,rantatampella,2019,Kerrostalo
27.5,129000,linnainmaa,2018,Kerrostalo
60.0,85000,haukiluoma,1977,Kerrostalo
120.0,389000,vehmainen,1985,Rivitalo
58.0,138400,hervanta,1974,Kerrostalo
35.0,25000,leinola,2020,Omakotitalo
24.5,196160,keskusta,2022,Kerrostalo
23.0,184410,keskusta,2022,Kerrostalo
58.0,350940,keskusta,2022,Kerrostalo
24.5,190030,keskusta,2022,Kerrostalo
26.0,191060,keskusta,2022,Kerrostalo
25.0,196670,keskusta,2022,Kerrostalo
85.5,887830,keskusta,2022,Kerrostalo
56.0,451070,keskusta,2022,Kerrostalo
110.5,202500,keskusta,2022,Kerrostalo
36.5,308550,keskusta,2022,Kerrostalo
64.5,626790,keskusta,2022,Kerrostalo
40.0,317230,keskusta,2022,Kerrostalo
56.0,436760,keskusta,2022,Kerrostalo
36.5,301910,keskusta,2022,Kerrostalo
40.0,305480,keskusta,2022,Kerrostalo
49.5,320810,keskusta,2022,Kerrostalo
43.5,356560,keskusta,2022,Kerrostalo
48.0,350430,keskusta,2022,Kerrostalo
56.0,421950,keskusta,2022,Kerrostalo
43.5,351460,keskusta,2022,Kerrostalo
36.5,287600,keskusta,2022,Kerrostalo
48.0,333070,keskusta,2022,Kerrostalo
43.5,346860,keskusta,2022,Kerrostalo
56.0,399980,keskusta,2022,Kerrostalo
51.0,378530,keskusta,2022,Kerrostalo
56.0,388750,keskusta,2022,Kerrostalo
49.0,347370,keskusta,2022,Kerrostalo
51.0,382110,keskusta,2022,Kerrostalo
40.0,295780,keskusta,2022,Kerrostalo
67.0,498060,keskusta,2022,Kerrostalo
51.0,372910,keskusta,2022,Kerrostalo
50.5,362180,keskusta,2022,Kerrostalo
65.0,500110,keskusta,2022,Kerrostalo
56.0,377510,keskusta,2022,Kerrostalo
51.5,375980,keskusta,2022,Kerrostalo
40.0,291180,keskusta,2022,Kerrostalo
49.0,341750,keskusta,2022,Kerrostalo
67.0,482230,keskusta,2022,Kerrostalo
50.5,357590,keskusta,2022,Kerrostalo
65.0,490400,keskusta,2022,Kerrostalo
43.5,332040,keskusta,2022,Kerrostalo
51.0,366780,keskusta,2022,Kerrostalo
56.0,366780,keskusta,2022,Kerrostalo
51.5,370360,keskusta,2022,Kerrostalo
67.0,475590,keskusta,2022,Kerrostalo
40.0,286580,keskusta,2022,Kerrostalo
49.0,336130,keskusta,2022,Kerrostalo
50.5,352480,keskusta,2022,Kerrostalo
51.0,361160,keskusta,2022,Kerrostalo
51.5,364740,keskusta,2022,Kerrostalo
43.5,322340,keskusta,2022,Kerrostalo
65.0,469970,keskusta,2022,Kerrostalo
51.0,355540,keskusta,2022,Kerrostalo
36.5,250820,keskusta,2022,Kerrostalo
40.0,280960,keskusta,2022,Kerrostalo
51.5,358610,keskusta,2022,Kerrostalo
65.0,463330,keskusta,2022,Kerrostalo
67.0,461280,keskusta,2022,Kerrostalo
37.0,265130,keskusta,2022,Kerrostalo
93.5,308000,pohtola,2013,Rivitalo
69.0,448800,pyynikki,2020,Kerrostalo
96.5,399900,pispala,1991,Kerrostalo
139.0,25000,pyynikki,2019,Kerrostalo
21.0,106490,annala,2021,Kerrostalo
20.5,104990,annala,2021,Kerrostalo
20.5,106400,annala,2021,Kerrostalo
20.5,104900,annala,2021,Kerrostalo
22.0,153900,kaleva,2022,Kerrostalo
31.5,188590,kaleva,2022,Kerrostalo
62.5,283900,kaleva,2022,Kerrostalo
45.0,227500,tampella,2022,Kerrostalo
400.0,795000,järvensivu,1969,Omakotitalo
66.0,315500,niemenranta,2020,Kerrostalo
62.0,279000,niemenranta,2020,Kerrostalo
58.0,205000,hervanta,2013,Kerrostalo
49.0,189000,keskusta,1927,Kerrostalo
59.5,18436,epilä,2000,Kerrostalo
66.0,508320,keskusta,2021,Kerrostalo
34.0,244000,keskusta,2021,Kerrostalo
65.5,451580,keskusta,2021,Kerrostalo
62.5,275740,kaleva,2022,Kerrostalo
60.5,189000,haukiluoma,2017,Kerrostalo
32.5,180500,hatanpää,2022,Kerrostalo
32.5,180500,hatanpää,2022,Kerrostalo
46.0,215200,hatanpää,2022,Kerrostalo
32.5,177100,hatanpää,2022,Kerrostalo
32.5,180800,hatanpää,2022,Kerrostalo
39.0,210900,hatanpää,2022,Kerrostalo
32.5,177100,hatanpää,2022,Kerrostalo
32.5,177100,hatanpää,2022,Kerrostalo
39.0,206900,hatanpää,2022,Kerrostalo
46.0,211000,hatanpää,2022,Kerrostalo
32.5,173600,hatanpää,2022,Kerrostalo
32.5,168400,hatanpää,2022,Kerrostalo
46.0,199900,hatanpää,2022,Kerrostalo
39.0,202800,hatanpää,2022,Kerrostalo
32.5,173700,hatanpää,2022,Kerrostalo
36.5,211200,hatanpää,2022,Kerrostalo
43.5,212100,hatanpää,2022,Kerrostalo
32.5,180500,hatanpää,2022,Kerrostalo
36.5,205300,hatanpää,2022,Kerrostalo
43.5,208000,hatanpää,2022,Kerrostalo
38.0,197500,hatanpää,2022,Kerrostalo
48.0,226600,hatanpää,2022,Kerrostalo
43.5,203900,hatanpää,2022,Kerrostalo
38.0,193600,hatanpää,2022,Kerrostalo
32.5,173600,hatanpää,2022,Kerrostalo
48.0,222100,hatanpää,2022,Kerrostalo
48.0,217700,hatanpää,2022,Kerrostalo
38.0,184000,hatanpää,2022,Kerrostalo
36.5,187500,hatanpää,2022,Kerrostalo
48.0,211000,hatanpää,2022,Kerrostalo
64.0,111000,hervanta,1976,Rivitalo
29.0,171000,santalahti,2021,Kerrostalo
57.0,259000,santalahti,2021,Kerrostalo
48.0,227000,santalahti,2021,Kerrostalo
41.5,215000,santalahti,2021,Kerrostalo
39.5,189000,santalahti,2021,Kerrostalo
33.0,191000,santalahti,2021,Kerrostalo
30.5,169000,santalahti,2021,Kerrostalo
25.5,164000,santalahti,2021,Kerrostalo
39.5,175000,santalahti,2021,Kerrostalo
33.0,181000,santalahti,2021,Kerrostalo
48.0,212000,santalahti,2021,Kerrostalo
33.0,175000,santalahti,2021,Kerrostalo
33.0,175000,santalahti,2021,Kerrostalo
77.0,390000,santalahti,2021,Kerrostalo
30.5,154000,santalahti,2021,Kerrostalo
45.5,185000,santalahti,2021,Kerrostalo
75.5,94000,hervanta,1975,Kerrostalo
87.0,129500,tohloppi,1969,Kerrostalo
47.5,301088,keskusta,2020,Kerrostalo
74.0,118000,lentävänniemi,1978,Kerrostalo
38.5,141800,vuores,2017,Luhtitalo
52.0,629000,keskusta,2021,Kerrostalo
56.0,200000,kaleva,2012,Kerrostalo
22.5,108400,annala,2021,Kerrostalo
39.0,109000,nekala,1950,Kerrostalo
29.0,109000,vuores,2016,Kerrostalo
67.0,385290,keskusta,2020,Kerrostalo
40.0,194700,takahuhti,2022,Kerrostalo
40.0,200500,takahuhti,2022,Kerrostalo
40.0,207500,takahuhti,2022,Kerrostalo
40.0,205500,takahuhti,2022,Kerrostalo
40.0,198500,takahuhti,2022,Kerrostalo
40.0,202400,takahuhti,2022,Kerrostalo
40.0,203500,takahuhti,2022,Kerrostalo
40.0,199500,takahuhti,2022,Kerrostalo
33.0,185100,takahuhti,2022,Kerrostalo
33.0,183400,takahuhti,2022,Kerrostalo
40.0,175400,takahuhti,2022,Kerrostalo
33.0,180100,takahuhti,2022,Kerrostalo
43.0,159100,takahuhti,2022,Kerrostalo
33.0,186700,takahuhti,2022,Kerrostalo
43.0,183000,takahuhti,2022,Kerrostalo
28.0,147800,takahuhti,2022,Kerrostalo
33.0,160100,takahuhti,2022,Kerrostalo
28.0,147800,takahuhti,2022,Kerrostalo
43.0,191100,takahuhti,2022,Kerrostalo
43.0,187000,takahuhti,2022,Kerrostalo
43.0,189000,takahuhti,2022,Kerrostalo
28.0,152800,takahuhti,2022,Kerrostalo
28.0,146600,takahuhti,2022,Kerrostalo
28.0,146600,takahuhti,2022,Kerrostalo
28.0,152800,takahuhti,2022,Kerrostalo
28.0,151600,takahuhti,2022,Kerrostalo
28.0,145300,takahuhti,2022,Kerrostalo
28.0,150300,takahuhti,2022,Kerrostalo
28.0,145300,takahuhti,2022,Kerrostalo
28.0,150300,takahuhti,2022,Kerrostalo
28.0,147800,takahuhti,2022,Kerrostalo
51.5,220000,takahuhti,2022,Kerrostalo
51.5,222620,takahuhti,2022,Kerrostalo
51.5,180500,takahuhti,2022,Kerrostalo
51.5,217400,takahuhti,2022,Kerrostalo
51.5,212100,takahuhti,2022,Kerrostalo
51.5,175200,takahuhti,2022,Kerrostalo
61.0,142000,haapalinna,1996,Kerrostalo
67.5,336500,kaleva,2021,Kerrostalo
67.5,289000,kaleva,2021,Kerrostalo
63.0,284000,niemenranta,2020,Kerrostalo
54.5,21069,vuores,2012,Kerrostalo
59.0,138000,ruotula,1966,Kerrostalo
32.0,243520,keskusta,2021,Kerrostalo
76.5,556080,keskusta,2021,Kerrostalo
46.5,329580,keskusta,2021,Kerrostalo
66.0,462450,keskusta,2021,Kerrostalo
62.5,282150,kaleva,2022,Kerrostalo
46.5,248920,kaleva,2022,Kerrostalo
39.0,226770,kaleva,2022,Kerrostalo
35.5,212780,kaleva,2022,Kerrostalo
32.0,188880,kaleva,2022,Kerrostalo
62.5,262330,kaleva,2022,Kerrostalo
21.0,139900,annala,2021,Kerrostalo
21.0,108900,annala,2021,Kerrostalo
45.5,276825,tampella,2022,Kerrostalo
45.0,258500,tampella,2022,Kerrostalo
52.5,383500,tampella,2022,Kerrostalo
67.5,457500,tampella,2022,Kerrostalo
88.0,503600,tampella,2022,Kerrostalo
45.5,244825,tampella,2022,Kerrostalo
45.5,265825,tampella,2022,Kerrostalo
52.5,367500,tampella,2022,Kerrostalo
67.5,363125,tampella,2022,Kerrostalo
88.0,596600,tampella,2022,Kerrostalo
67.5,353125,tampella,2022,Kerrostalo
52.5,308500,tampella,2022,Kerrostalo
52.5,351500,tampella,2022,Kerrostalo
45.0,240500,tampella,2022,Kerrostalo
45.0,247500,tampella,2022,Kerrostalo
77.0,540950,keskusta,2021,Kerrostalo
43.5,317760,keskusta,2021,Kerrostalo
34.0,240210,keskusta,2021,Kerrostalo
34.0,262440,keskusta,2021,Kerrostalo
46.5,255050,kaleva,2022,Kerrostalo
57.5,79000,hervanta,1974,Kerrostalo
27.0,142500,hervanta,2021,Kerrostalo
30.0,150900,hervanta,2021,Kerrostalo
29.5,149600,hervanta,2021,Kerrostalo
40.5,186900,hervanta,2021,Kerrostalo
44.5,202500,hervanta,2021,Kerrostalo
33.5,159400,hervanta,2021,Kerrostalo
40.5,189500,hervanta,2021,Kerrostalo
40.5,177200,hervanta,2021,Kerrostalo
44.5,191700,hervanta,2021,Kerrostalo
40.5,182400,hervanta,2021,Kerrostalo
40.5,177100,hervanta,2021,Kerrostalo
29.5,142700,hervanta,2021,Kerrostalo
44.5,170200,hervanta,2021,Kerrostalo
22.0,151570,kaleva,2022,Kerrostalo
73.5,169000,hervanta,1975,Rivitalo
70.0,119000,hervanta,1976,Rivitalo
68.0,442600,keskusta,2020,Kerrostalo
68.0,455370,keskusta,2020,Kerrostalo
66.5,384660,keskusta,2020,Kerrostalo
40.5,202000,takahuhti,2020,Kerrostalo
66.5,440730,keskusta,2020,Kerrostalo
50.0,194500,takahuhti,2020,Kerrostalo
63.5,279900,härmälänranta,2021,Kerrostalo
105.5,664650,pyynikki,2020,Kerrostalo
32.5,180500,hatanpää,2022,Kerrostalo
38.0,197500,hatanpää,2022,Kerrostalo
48.0,226600,hatanpää,2022,Kerrostalo
38.0,193600,hatanpää,2022,Kerrostalo
105.5,632775,pyynikki,2020,Kerrostalo
48.0,222100,hatanpää,2022,Kerrostalo
48.0,217700,hatanpää,2022,Kerrostalo
38.0,184000,hatanpää,2022,Kerrostalo
32.5,180800,hatanpää,2022,Kerrostalo
32.5,177100,hatanpää,2022,Kerrostalo
50.0,227500,takahuhti,2020,Kerrostalo
39.0,202800,hatanpää,2022,Kerrostalo
39.0,206900,hatanpää,2022,Kerrostalo
43.5,297660,tampella,2020,Kerrostalo
36.5,187500,hatanpää,2022,Kerrostalo
48.0,211000,hatanpää,2022,Kerrostalo
52.5,259900,härmälänranta,2021,Kerrostalo
78.0,335700,härmälänranta,2021,Kerrostalo
32.5,168400,hatanpää,2022,Kerrostalo
34.0,240210,keskusta,2021,Kerrostalo
35.5,235724,tampella,2019,Kerrostalo
35.5,238644,tampella,2019,Kerrostalo
36.0,262760,tampella,2020,Kerrostalo
62.0,68000,hervanta,1975,Kerrostalo
77.0,105000,hervanta,1977,Kerrostalo
50.5,248859,annala,2021,Kerrostalo
27.0,117900,tesoma,2021,Kerrostalo
60.0,227500,tesoma,2021,Kerrostalo
27.0,119100,tesoma,2021,Kerrostalo
36.0,146100,tesoma,2021,Kerrostalo
64.0,251100,härmälä,2021,Kerrostalo
47.5,360200,tampella,2020,Kerrostalo
26.0,138500,lielahti,2018,Kerrostalo
44.0,144890,annala,2016,Kerrostalo
23.0,149900,kaleva,2020,Kerrostalo
32.0,231230,keskusta,2021,Kerrostalo
66.0,482310,keskusta,2021,Kerrostalo
35.5,215700,kaleva,2022,Kerrostalo
53.0,148000,vehmainen,1995,Rivitalo
43.5,294270,tampella,2020,Kerrostalo
36.0,167600,hervanta,2021,Kerrostalo
36.0,164600,hervanta,2021,Kerrostalo
57.0,205000,hervanta,2021,Kerrostalo
36.0,162000,hervanta,2021,Kerrostalo
46.0,322000,pyynikki,2020,Kerrostalo
65.0,16532,haapalinna,1995,Kerrostalo
88.0,325900,pappila,2022,Kerrostalo
58.0,124000,annala,1991,Kerrostalo
36.5,198800,härmälänranta,2021,Kerrostalo
36.5,190900,härmälänranta,2021,Kerrostalo
36.5,188400,härmälänranta,2021,Kerrostalo
36.5,180600,härmälänranta,2021,Kerrostalo
36.5,202300,härmälänranta,2021,Kerrostalo
69.5,299900,härmälänranta,2021,Kerrostalo
36.5,193600,härmälänranta,2021,Kerrostalo
52.5,274400,härmälänranta,2021,Kerrostalo
36.5,196300,härmälänranta,2021,Kerrostalo
36.5,185800,härmälänranta,2021,Kerrostalo
69.5,335900,härmälänranta,2021,Kerrostalo
121.5,850500,pyynikki,2020,Kerrostalo
125.0,787500,pyynikki,2022,Kerrostalo
100.0,282000,lukonmäki,1980,Paritalo
100.0,284000,lukonmäki,1980,Paritalo
100.0,289000,lukonmäki,1980,Paritalo
100.0,287000,lukonmäki,1980,Paritalo
50.0,289000,keskusta,1963,Kerrostalo
100.0,147000,peltolammi,1967,Kerrostalo
37.0,180400,niemenranta,2021,Kerrostalo
68.0,347200,niemenranta,2021,Kerrostalo
68.0,319900,niemenranta,2021,Kerrostalo
37.0,160600,niemenranta,2021,Kerrostalo
80.5,530000,tampella,2019,Kerrostalo
60.0,211200,tesoma,2021,Kerrostalo
35.5,142800,tesoma,2021,Kerrostalo
60.0,213200,tesoma,2021,Kerrostalo
58.5,274500,takahuhti,2020,Kerrostalo
30.0,155000,kaleva,2017,Kerrostalo
53.0,148000,vehmainen,1995,Rivitalo
58.5,345000,tammela,2022,Kerrostalo
58.5,334000,tammela,2022,Kerrostalo
66.5,419000,tammela,2022,Kerrostalo
66.5,439000,tammela,2022,Kerrostalo
66.5,458000,tammela,2022,Kerrostalo
90.0,449000,keskusta,1927,Kerrostalo
30.0,144000,vuores,2021,Kerrostalo
108.0,448200,vuores,2021,Kerrostalo
108.0,459000,vuores,2021,Kerrostalo
94.0,396900,vuores,2021,Kerrostalo
35.5,145500,tesoma,2021,Kerrostalo
60.0,215300,tesoma,2021,Kerrostalo
42.5,151900,tesoma,2021,Kerrostalo
60.0,203100,tesoma,2021,Kerrostalo
27.0,116900,tesoma,2021,Kerrostalo
60.0,209100,tesoma,2021,Kerrostalo
27.0,114200,tesoma,2021,Kerrostalo
42.5,145900,tesoma,2021,Kerrostalo
35.5,134700,tesoma,2021,Kerrostalo
27.0,114200,tesoma,2021,Kerrostalo
25.0,163520,kaleva,2022,Kerrostalo
62.5,256210,kaleva,2022,Kerrostalo
74.5,291700,vuores,2021,Kerrostalo
45.0,182000,vuores,2021,Kerrostalo
74.5,273700,vuores,2021,Kerrostalo
60.0,233800,vuores,2021,Kerrostalo
45.0,172900,vuores,2021,Kerrostalo
74.5,263900,vuores,2021,Kerrostalo
74.5,233800,vuores,2021,Kerrostalo
33.5,196000,keskusta,1963,Kerrostalo
121.9,320000,pyynikki,1927,Kerrostalo
38.5,158000,vuores,2017,Kerrostalo
36.0,269060,tampella,2020,Kerrostalo
43.5,297660,tampella,2020,Kerrostalo
95.5,158000,hervanta,1980,Kerrostalo
68.0,464400,keskusta,2020,Kerrostalo
66.5,406780,keskusta,2020,Kerrostalo
64.0,220000,santalahti,1880,Kerrostalo
74.5,342900,härmälänranta,2021,Kerrostalo
134.0,215000,vehmainen,1979,Rivitalo
60.0,217300,tesoma,2021,Kerrostalo
35.5,140100,tesoma,2021,Kerrostalo
27.0,115600,tesoma,2021,Kerrostalo
35.5,137400,tesoma,2021,Kerrostalo
42.5,142900,tesoma,2021,Kerrostalo
42.5,139900,tesoma,2021,Kerrostalo
36.0,132600,tesoma,2021,Kerrostalo
60.0,201000,tesoma,2021,Kerrostalo
35.5,132000,tesoma,2021,Kerrostalo
91.5,530700,pyynikki,2022,Kerrostalo
79.0,11230,hervanta,1994,Kerrostalo
43.0,283800,pyynikki,2022,Kerrostalo
125.5,765550,pyynikki,2022,Kerrostalo
60.5,411400,pyynikki,2022,Kerrostalo
230.0,897000,pyynikki,2022,Kerrostalo
110.5,663000,pyynikki,2022,Kerrostalo
119.0,678300,pyynikki,2022,Kerrostalo
76.5,508725,pyynikki,2022,Kerrostalo
35.0,227500,pyynikki,2022,Kerrostalo
140.0,784000,pyynikki,2022,Kerrostalo
47.5,332500,pyynikki,2022,Kerrostalo
25.5,98700,hervanta,2021,Kerrostalo
110.0,348000,ikuri,2021,Paritalo
110.0,348000,ikuri,2021,Paritalo
110.0,348000,ikuri,2021,Paritalo
110.0,348000,ikuri,2021,Paritalo
57.0,187000,ikuri,2021,Rivitalo
64.0,247900,härmälä,2021,Kerrostalo
27.0,121400,tesoma,2021,Kerrostalo
36.0,178850,tesoma,2021,Kerrostalo
42.5,148900,tesoma,2021,Kerrostalo
60.0,192900,tesoma,2021,Kerrostalo
60.0,221400,tesoma,2021,Kerrostalo
42.5,154800,tesoma,2021,Kerrostalo
36.0,135300,tesoma,2021,Kerrostalo
27.0,111900,tesoma,2021,Kerrostalo
60.0,199000,tesoma,2021,Kerrostalo
38.0,133900,tesoma,2021,Kerrostalo
42.5,128400,tesoma,2021,Kerrostalo
35.5,122900,tesoma,2021,Kerrostalo
27.0,111900,tesoma,2021,Kerrostalo
27.0,116900,tesoma,2021,Kerrostalo
36.0,143400,tesoma,2021,Kerrostalo
55.0,192500,vuores,2021,Kerrostalo
79.0,536220,keskusta,2021,Kerrostalo
22.0,153900,kaleva,2022,Kerrostalo
36.0,251800,tampella,2020,Kerrostalo
54.0,318500,tampella,2020,Kerrostalo
32.5,218300,tampella,2020,Kerrostalo
32.0,216500,tampella,2020,Kerrostalo
32.0,211300,tampella,2020,Kerrostalo
36.0,234300,tampella,2020,Kerrostalo
36.0,228500,tampella,2020,Kerrostalo
60.0,400500,tampella,2021,Kerrostalo
33.0,169000,armonkallio,1985,Kerrostalo
119.0,554950,ruotula,2021,Rivitalo
119.0,540100,ruotula,2021,Rivitalo
119.0,554950,ruotula,2021,Rivitalo
47.5,343290,keskusta,2021,Kerrostalo
35.5,221820,kaleva,2022,Kerrostalo
25.0,166440,kaleva,2022,Kerrostalo
30.0,211400,tampella,2021,Kerrostalo
47.5,253000,tampella,2021,Kerrostalo
47.5,243000,tampella,2021,Kerrostalo
47.5,233000,tampella,2021,Kerrostalo
47.5,223000,tampella,2021,Kerrostalo
54.5,269000,tampella,2021,Kerrostalo
54.5,277000,tampella,2021,Kerrostalo
45.5,239000,tampella,2021,Kerrostalo
47.5,200000,tampella,2021,Kerrostalo
47.5,210000,tampella,2021,Kerrostalo
45.5,250000,tampella,2021,Kerrostalo
48.5,240000,tampella,2021,Kerrostalo
48.0,208000,tampella,2021,Kerrostalo
48.0,203000,tampella,2021,Kerrostalo
52.5,250000,tampella,2021,Kerrostalo
44.0,238000,tampella,2021,Kerrostalo
52.5,270000,tampella,2021,Kerrostalo
52.5,250000,tampella,2021,Kerrostalo
22.0,157980,kaleva,2022,Kerrostalo
22.0,157980,kaleva,2022,Kerrostalo
32.0,204910,kaleva,2022,Kerrostalo
32.0,199960,kaleva,2022,Kerrostalo
32.0,197330,kaleva,2022,Kerrostalo
32.0,197330,kaleva,2022,Kerrostalo
22.0,151570,kaleva,2022,Kerrostalo
31.5,191500,kaleva,2022,Kerrostalo
64.0,285360,kaleva,2022,Kerrostalo
62.5,272530,kaleva,2022,Kerrostalo
35.5,215700,kaleva,2022,Kerrostalo
25.0,172270,kaleva,2022,Kerrostalo
35.5,218900,kaleva,2022,Kerrostalo
32.0,194420,kaleva,2022,Kerrostalo
22.0,148950,kaleva,2022,Kerrostalo
22.0,148950,kaleva,2022,Kerrostalo
32.0,191800,kaleva,2022,Kerrostalo
39.0,223860,kaleva,2022,Kerrostalo
64.0,281860,kaleva,2022,Kerrostalo
25.0,169350,kaleva,2022,Kerrostalo
32.0,191500,kaleva,2022,Kerrostalo
22.0,146620,kaleva,2022,Kerrostalo
22.0,146620,kaleva,2022,Kerrostalo
31.5,185970,kaleva,2022,Kerrostalo
64.0,278360,kaleva,2022,Kerrostalo
62.5,265540,kaleva,2022,Kerrostalo
35.5,209580,kaleva,2022,Kerrostalo
35.5,212490,kaleva,2022,Kerrostalo
32.0,188880,kaleva,2022,Kerrostalo
22.0,143990,kaleva,2022,Kerrostalo
22.0,143990,kaleva,2022,Kerrostalo
32.0,186260,kaleva,2022,Kerrostalo
35.5,206370,kaleva,2022,Kerrostalo
35.5,209580,kaleva,2022,Kerrostalo
32.0,183930,kaleva,2022,Kerrostalo
22.0,139910,kaleva,2022,Kerrostalo
22.0,139910,kaleva,2022,Kerrostalo
31.5,178390,kaleva,2022,Kerrostalo
64.0,268740,kaleva,2022,Kerrostalo
35.5,204040,kaleva,2022,Kerrostalo
25.0,159150,kaleva,2022,Kerrostalo
34.5,258400,tampella,2021,Kerrostalo
76.0,572150,keskusta,2021,Kerrostalo
34.0,249670,keskusta,2021,Kerrostalo
68.0,479350,keskusta,2020,Kerrostalo
66.5,420480,keskusta,2020,Kerrostalo
66.5,397750,keskusta,2020,Kerrostalo
68.0,433560,keskusta,2020,Kerrostalo
66.5,375940,keskusta,2020,Kerrostalo
59.0,18096,epilä,2000,Kerrostalo
37.5,145900,pohtola,2019,Kerrostalo
82.5,120000,peltolammi,1968,Kerrostalo
30.0,244700,tampella,2021,Kerrostalo
28.0,207508,keskusta,2020,Kerrostalo
26.5,116900,lentävänniemi,2018,Kerrostalo
34.5,246100,tampella,2021,Kerrostalo
57.0,200000,pyynikki,1921,Kerrostalo
28.0,188500,pyynikki,2020,Kerrostalo
30.5,193000,pyynikki,2020,Kerrostalo
68.0,380000,pyynikki,2020,Kerrostalo
72.5,397000,pyynikki,2020,Kerrostalo
39.0,162000,pyynikki,1924,Kerrostalo
34.5,250620,keskusta,2021,Kerrostalo
35.0,118000,annala,2011,Kerrostalo
28.5,199800,tammela,2018,Kerrostalo
133.0,934516,keskusta,2020,Kerrostalo
56.5,347757,keskusta,2020,Kerrostalo
23.0,103500,vuores,2017,Kerrostalo
61.0,145000,haapalinna,1996,Kerrostalo
34.5,247780,keskusta,2021,Kerrostalo
36.0,269060,tampella,2020,Kerrostalo
34.5,271300,tampella,2021,Kerrostalo
30.0,256900,tampella,2021,Kerrostalo
30.0,233100,tampella,2021,Kerrostalo
34.5,234400,tampella,2021,Kerrostalo
43.5,314450,keskusta,2021,Kerrostalo
26.5,189000,santalahti,2019,Kerrostalo
43.5,303570,keskusta,2021,Kerrostalo
64.0,251100,härmälä,2020,Kerrostalo
41.0,164900,härmälä,2020,Kerrostalo
64.0,241400,härmälä,2020,Kerrostalo
64.0,244700,härmälä,2020,Kerrostalo
95.0,25894,epilä,1998,Kerrostalo
34.0,246830,keskusta,2021,Kerrostalo
43.5,299320,keskusta,2021,Kerrostalo
65.0,523920,keskusta,2021,Kerrostalo
26.0,179000,santalahti,2019,Kerrostalo
78.0,539050,keskusta,2021,Kerrostalo
38.0,125500,järvensivu,1967,Kerrostalo
43.5,329110,keskusta,2021,Kerrostalo
69.5,504850,pyynikki,2020,Kerrostalo
34.0,262440,keskusta,2021,Kerrostalo
34.0,249670,keskusta,2021,Kerrostalo
